--***************************************************
--**			清空历史表
--***************************************************

DROP TABLE IF EXISTS Tbl_role;
DROP TABLE IF EXISTS Tbl_user_role;
DROP TABLE IF EXISTS Tbl_class;
DROP TABLE IF EXISTS Tbl_root;
DROP TABLE IF EXISTS Tbl_user;
DROP TABLE IF EXISTS Tbl_menu;
DROP TABLE IF EXISTS Tbl_client;
DROP TABLE IF EXISTS Tbl_record;
DROP TABLE IF EXISTS Tbl_video_type;
DROP TABLE IF EXISTS Tbl_Vtype_detail;
DROP TABLE IF EXISTS Tbl_video_channel;
DROP TABLE IF EXISTS Tbl_video_region;
DROP TABLE IF EXISTS Tbl_video_info;
DROP TABLE IF EXISTS Tbl_Vplay_detail;

--***************************************************
--**			创建
--***************************************************

--***************************
--**
--**    用户权限     
--**
--***************************

--role 角色表
CREATE TABLE Tbl_role
(
	role_id 					INTEGER 				primary key AUTOINCREMENT,--角色ID
	role_name 				VARCHAR(30) 		not null,--角色名
	role_remark 			VARCHAR(100)--备注
);

--user_role 用户角色表
CREATE TABLE Tbl_user_role
(
	user_id 					INTEGER 				primary key AUTOINCREMENT,--用户ID
	role_id 					INTEGER 				not null--角色ID
);

--class 所属部门
CREATE TABLE Tbl_class
(
	class_id 					INTEGER 				primary key AUTOINCREMENT,--部门ID
	class_name 					VARCHAR(30) 			not null--部门名称
);

--root 角色权限表
CREATE TABLE Tbl_root
(
	role_id 					INTEGER 				not null,--角色ID
	menu_id 					INTEGER 				not null--菜单ID
);

--user 用户表
CREATE TABLE Tbl_user
(
	user_id 					INTEGER 				primary key AUTOINCREMENT,--用户ID
	user_name 				VARCHAR(10) 		not null,--用户登陆名
	user_password 		VARCHAR(10) 			not null,--用户登录密码
	user_type 				VARCHAR(10) 				not null,--用户所属部门
	user_stu 					CHAR(1) 				not null,--用户状态
	user_remark 			VARCHAR(100)--备注
);

--menu 菜单表
CREATE TABLE Tbl_menu
(
	menu_id 					INTEGER 				primary key AUTOINCREMENT,--菜单ID
	menu_name 				VARCHAR(30) 		not null,--菜单名
	parent_id 				INTEGER 				not null,--父级菜单ID
	menu_stu 					CHAR(1) 				not null,--菜单状态
	menu_remark 			VARCHAR(100)--备注
);


--***************************
--**
--**    客户端用户信息     
--**
--***************************
--client 客户端用户
CREATE TABLE Tbl_client
(
	client_id 				INTEGER 				primary key AUTOINCREMENT,--用户ID
	client_name 			VARCHAR(10) 		not null,--用户登录名称
	client_password 	VARCHAR(6)			not null,--用户登录密码
	login_time				VARCHAR(6)			not null,--用户最后登录时间
	client_stu 				CHAR(1) 				not null,--用户状态
	client_remark 		VARCHAR(100)--备注
);

INSERT INTO Tbl_client 					VALUES(1,'aaa','123456','11:50','Y','nothing');
INSERT INTO Tbl_client 					VALUES(null,'bbb','123456','11:50','Y','nothing');
INSERT INTO Tbl_client 					VALUES(null,'ccc','123456','11:50','Y','nothing');
INSERT INTO Tbl_client 					VALUES(null,'ddd','123456','11:50','Y','nothing');
INSERT INTO Tbl_client 					VALUES(null,'eee','123456','11:50','Y','nothing');
INSERT INTO Tbl_client 					VALUES(null,'fff','123456','11:50','Y','nothing');
INSERT INTO Tbl_client 					VALUES(null,'ggg','123456','11:50','Y','nothing');
INSERT INTO Tbl_client 					VALUES(null,'hhh','123456','11:50','Y','nothing');
INSERT INTO Tbl_client 					VALUES(null,'iii','123456','11:50','Y','nothing');


--record 用户点播记录
CREATE TABLE Tbl_record
(
	record_id 				INTEGER 				primary key AUTOINCREMENT,--记录ID
	user_id 					INTEGER 				not null,--用户ID
	video_id 					INTEGER 				not null,--视频ID
	play_time 				INTEGER 				not null,--播放时长
	end_time					DATETIME				not null,
	record_remark 		VARCHAR(100)--备注
);


--***************************
--**
--**    视频信息     
--**
--***************************
--video_type  视频分类
CREATE TABLE Tbl_video_type
(
	type_id 					INTEGER 				primary key AUTOINCREMENT,--分类ID
	channel_id 				INTEGER 				not null,--频道ID
--	video_id 					INTEGER 				not null,--视频ID     （分类没有视频的ID）
	type_name 				VARCHAR(20) 		not null,--分类名称
	video_stu 				CHAR(1)--状态
);

--Vtype_detail  视频分类明细
CREATE TABLE Tbl_Vtype_detail
(
	detail_id 				INTEGER 				primary key AUTOINCREMENT,--明细ID
	video_id 					INTEGER 				not null,--视频ID
	type_id 					INTEGER 				not null--分类ID
);

--video_channel  视频频道
CREATE TABLE Tbl_video_channel
(
	channel_id 				INTEGER 				primary key AUTOINCREMENT,--频道ID
	channel_name 			VARCHAR(20) 		not null,--频道名称
	channel_stu 			CHAR(1)--状态
);

--video_region  视频地区
CREATE TABLE Tbl_video_region
(
	region_id 				INTEGER 				primary key AUTOINCREMENT,--地区ID
	channel_id 				INTEGER 				not null,--频道名称
	region_name				VARCHAR(20)			not null,--地区名称
	region_stu 				CHAR(1)--状态
);

--video_info  视频信息
CREATE TABLE Tbl_video_info
(
	video_id 					INTEGER 				primary key AUTOINCREMENT,--视频ID
	channel_id 				INTEGER 				not null,--频道ID
	region_id 				INTEGER					not null,--地区ID
	video_name				VARCHAR(64)			not null,--视频名称
	play_count				INTEGER					CHECK(play_count>=0),--播放次数
	online						CHAR(1)					not null,--最新上线
	pic_address				VARCHAR(64)			not null,--图片地址
	pic_link					VARCHAR(64)			not null,--图片链接
	remark 						VARCHAR(100)--备注
);

--Vplay_detail  视频播放明细
CREATE TABLE Tbl_Vplay_detail
(
	detail_id 				INTEGER 				primary key AUTOINCREMENT,--播放明细ID
	video_id 					INTEGER 				unique,--视频ID
	play_time					DATETIME				not null,--播放时间
	user_id 					INTEGER					not null--用户ID
);


--**************************************************************
--**						初始化数据
--**************************************************************
--初始化角色
INSERT INTO Tbl_role VALUES(1,'系统管理员','nothing');--1为管理员
INSERT INTO Tbl_role VALUES(null,'业务管理员','nothing');--2为业务管理员
INSERT INTO Tbl_role VALUES(null,'操作员','nothing');--3为操作员
--初始化部门
INSERT INTO Tbl_class VALUES(1,'董事会');
INSERT INTO Tbl_class VALUES(null,'技术部');
INSERT INTO Tbl_class VALUES(null,'销售部');
INSERT INTO Tbl_class VALUES(null,'后勤部');

--初始化用户
INSERT INTO Tbl_user 					VALUES(1001,'admin','123456','董事会','Y','nothing');
INSERT INTO Tbl_user_role 		VALUES(1001,1);
INSERT INTO Tbl_user 					VALUES(null,'Neymar','666666','销售部','Y','nothing');
INSERT INTO Tbl_user_role 		VALUES(1002,2);
INSERT INTO Tbl_user 					VALUES(null,'Messi','666666','技术部','Y','nothing');
INSERT INTO Tbl_user_role 		VALUES(1003,3);
INSERT INTO Tbl_user 					VALUES(null,'Xavi','666666','技术部','Y','nothing');
INSERT INTO Tbl_user_role 		VALUES(1004,2);
INSERT INTO Tbl_user 					VALUES(null,'Iniesta','666666','销售部','Y','nothing');
INSERT INTO Tbl_user_role 		VALUES(1005,2);
INSERT INTO Tbl_user 					VALUES(null,'Pique','666666','销售部','Y','nothing');
INSERT INTO Tbl_user_role 		VALUES(1006,2);
INSERT INTO Tbl_user 					VALUES(null,'Suarez','666666','销售部','Y','nothing');
INSERT INTO Tbl_user_role 		VALUES(1007,2);
INSERT INTO Tbl_user 					VALUES(null,'Ronaldo','666666','销售部','Y','nothing');
INSERT INTO Tbl_user_role 		VALUES(1008,2);
INSERT INTO Tbl_user 					VALUES(null,'Bale','666666','销售部','Y','nothing');
INSERT INTO Tbl_user_role 		VALUES(1009,2);
INSERT INTO Tbl_user 					VALUES(null,'Agüero','666666','销售部','Y','nothing');
INSERT INTO Tbl_user_role 		VALUES(1010,2);
INSERT INTO Tbl_user 					VALUES(null,'Zhengzhi','666666','销售部','Y','nothing');
INSERT INTO Tbl_user_role 		VALUES(1011,2);
INSERT INTO Tbl_user 					VALUES(null,'Robben','666666','销售部','Y','nothing');
INSERT INTO Tbl_user_role 		VALUES(1012,2);
INSERT INTO Tbl_user 					VALUES(null,'Müller','666666','销售部','Y','nothing');
INSERT INTO Tbl_user_role 		VALUES(1013,2);
--初始化菜单
INSERT INTO Tbl_menu 					VALUES(1,'系统管理',0,'Y','nothing');
INSERT INTO Tbl_menu 					VALUES(2,'客户端管理',0,'Y','nothing');
INSERT INTO Tbl_menu 					VALUES(3,'视频管理',0,'Y','nothing');
INSERT INTO Tbl_menu 					VALUES(4,'报表统计',0,'Y','nothing');
INSERT INTO Tbl_menu 					VALUES(5,'退出登录',0,'Y','nothing');
INSERT INTO Tbl_menu 					VALUES(null,'组织机构管理',1,'Y','nothing');
INSERT INTO Tbl_menu 					VALUES(null,'用户管理',1,'Y','nothing');
INSERT INTO Tbl_menu 					VALUES(null,'系统参数设置',1,'Y','nothing');
INSERT INTO Tbl_menu 					VALUES(null,'客户端用户管理',2,'Y','nothing');
INSERT INTO Tbl_menu 					VALUES(null,'用户点播管理',2,'Y','nothing');
INSERT INTO Tbl_menu 					VALUES(null,'频道信息管理',3,'Y','nothing');
INSERT INTO Tbl_menu 					VALUES(null,'分类信息管理',3,'Y','nothing');
INSERT INTO Tbl_menu 					VALUES(null,'地区信息管理',3,'Y','nothing');
INSERT INTO Tbl_menu 					VALUES(null,'视频信息管理',3,'Y','nothing');
INSERT INTO Tbl_menu 					VALUES(null,'点播报表管理',4,'Y','nothing');
INSERT INTO Tbl_menu 					VALUES(null,'注销',5,'Y','nothing');
INSERT INTO Tbl_menu 					VALUES(null,'退出',5,'Y','nothing');
INSERT INTO Tbl_menu 					VALUES(null,'其实都没有',5,'Y','nothing');

--初始化菜单的权限
INSERT INTO Tbl_root					VALUES(1,1);
INSERT INTO Tbl_root					VALUES(1,2);
INSERT INTO Tbl_root					VALUES(1,3);
INSERT INTO Tbl_root					VALUES(1,4);
INSERT INTO Tbl_root					VALUES(1,5);
INSERT INTO Tbl_root					VALUES(2,2);
INSERT INTO Tbl_root					VALUES(2,3);
INSERT INTO Tbl_root					VALUES(2,4);
INSERT INTO Tbl_root					VALUES(2,5);
INSERT INTO Tbl_root					VALUES(3,4);
INSERT INTO Tbl_root					VALUES(3,5);

--初始化频道
INSERT INTO Tbl_video_channel VALUES(1,'电视剧频道','Y');
INSERT INTO Tbl_video_channel VALUES(null,'电影频道','Y');

--初始化视频分类
INSERT INTO Tbl_video_type		VALUES(1,1,'浪漫电视剧','Y');
INSERT INTO Tbl_video_type		VALUES(null,1,'家庭电视剧','Y');
INSERT INTO Tbl_video_type		VALUES(null,1,'都市电视剧','Y');
INSERT INTO Tbl_video_type		VALUES(null,2,'剧情片','Y');
INSERT INTO Tbl_video_type		VALUES(null,2,'战争片','Y');
INSERT INTO Tbl_video_type		VALUES(null,2,'动作片','Y');
INSERT INTO Tbl_video_type		VALUES(null,2,'爱情片','Y');

--初始化视频地区
INSERT INTO Tbl_video_region	VALUES(1,1,'欧美电视剧','Y');
INSERT INTO Tbl_video_region	VALUES(2,1,'韩国电视剧','Y');
INSERT INTO Tbl_video_region	VALUES(3,1,'港台电视剧','Y');
INSERT INTO Tbl_video_region	VALUES(4,1,'内地电视剧','Y');
INSERT INTO Tbl_video_region	VALUES(5,2,'欧美电影','Y');
INSERT INTO Tbl_video_region	VALUES(6,2,'韩国电影','Y');
INSERT INTO Tbl_video_region	VALUES(7,2,'香港电影','Y');
INSERT INTO Tbl_video_region	VALUES(8,2,'内地电影','Y');

--初始化视频信息和分类明细
INSERT INTO Tbl_video_info		VALUES(1,1,1,'神探夏洛克',0,'Y','not adds','not link','null');
INSERT INTO Tbl_Vtype_detail	VALUES(1,1,3);
INSERT INTO Tbl_video_info		VALUES(2,1,1,'破产姐妹',0,'Y','not adds','not link','null');
INSERT INTO Tbl_Vtype_detail	VALUES(null,2,2);
INSERT INTO Tbl_video_info		VALUES(3,1,1,'生活大爆炸',0,'Y','not adds','not link','null');
INSERT INTO Tbl_Vtype_detail	VALUES(null,3,3);
INSERT INTO Tbl_video_info		VALUES(4,1,2,'流星花园',0,'Y','not adds','not link','null');
INSERT INTO Tbl_Vtype_detail	VALUES(null,4,1);
INSERT INTO Tbl_video_info		VALUES(5,1,2,'来自星星的你',0,'Y','not adds','not link','null');
INSERT INTO Tbl_Vtype_detail	VALUES(null,5,1);
INSERT INTO Tbl_video_info		VALUES(6,1,2,'匹诺曹',0,'Y','not adds','not link','null');
INSERT INTO Tbl_Vtype_detail	VALUES(null,6,1);
INSERT INTO Tbl_video_info		VALUES(7,1,3,'潜行狙击',0,'Y','not adds','not link','null');
INSERT INTO Tbl_Vtype_detail	VALUES(null,7,3);
INSERT INTO Tbl_video_info		VALUES(8,1,3,'雷霆扫毒',0,'Y','not adds','not link','null');
INSERT INTO Tbl_Vtype_detail	VALUES(null,8,3);
INSERT INTO Tbl_video_info		VALUES(9,1,3,'使徒行者',0,'Y','not adds','not link','null');
INSERT INTO Tbl_Vtype_detail	VALUES(null,9,3);
INSERT INTO Tbl_video_info		VALUES(10,1,4,'何以笙箫默',0,'Y','not adds','not link','null');
INSERT INTO Tbl_Vtype_detail	VALUES(null,10,1);
INSERT INTO Tbl_video_info		VALUES(11,1,4,'武媚娘',0,'Y','not adds','not link','null');
INSERT INTO Tbl_Vtype_detail	VALUES(null,11,1);
INSERT INTO Tbl_video_info		VALUES(12,1,4,'咱们结婚吧',0,'Y','not adds','not link','null');
INSERT INTO Tbl_Vtype_detail	VALUES(null,12,1);
INSERT INTO Tbl_video_info		VALUES(13,2,5,'明日边缘',0,'Y','not adds','not link','null');
INSERT INTO Tbl_Vtype_detail	VALUES(null,13,4);
INSERT INTO Tbl_video_info		VALUES(14,2,5,'星际穿越',0,'Y','not adds','not link','null');
INSERT INTO Tbl_Vtype_detail	VALUES(null,14,4);
INSERT INTO Tbl_video_info		VALUES(15,2,5,'拆弹部队',0,'Y','not adds','not link','null');
INSERT INTO Tbl_Vtype_detail	VALUES(null,15,5);
INSERT INTO Tbl_video_info		VALUES(16,2,6,'雪国列车',0,'Y','not adds','not link','null');
INSERT INTO Tbl_Vtype_detail	VALUES(null,16,7);
INSERT INTO Tbl_video_info		VALUES(17,2,6,'我的野蛮女友',0,'Y','not adds','not link','null');
INSERT INTO Tbl_Vtype_detail	VALUES(null,17,7);
INSERT INTO Tbl_video_info		VALUES(18,2,6,'完美搭档',0,'Y','not adds','not link','null');
INSERT INTO Tbl_Vtype_detail	VALUES(null,18,6);
INSERT INTO Tbl_video_info		VALUES(19,2,7,'英雄本色',0,'Y','not adds','not link','null');
INSERT INTO Tbl_Vtype_detail	VALUES(null,19,6);
INSERT INTO Tbl_video_info		VALUES(20,2,7,'功夫',0,'Y','not adds','not link','null');
INSERT INTO Tbl_Vtype_detail	VALUES(null,20,6);
INSERT INTO Tbl_video_info		VALUES(21,2,7,'长江七号',0,'Y','not adds','not link','null');
INSERT INTO Tbl_Vtype_detail	VALUES(null,21,4);
INSERT INTO Tbl_video_info		VALUES(22,2,8,'分手大师',0,'Y','not adds','not link','null');
INSERT INTO Tbl_Vtype_detail	VALUES(null,22,7);
INSERT INTO Tbl_video_info		VALUES(23,2,8,'卧虎藏龙',0,'Y','not adds','not link','null');
INSERT INTO Tbl_Vtype_detail	VALUES(null,23,6);
INSERT INTO Tbl_video_info		VALUES(24,2,8,'一个都不能少',0,'Y','not adds','not link','null');
INSERT INTO Tbl_Vtype_detail	VALUES(null,24,4);
INSERT INTO Tbl_video_info		VALUES(25,2,8,'红高粱',0,'Y','not adds','not link','null');
INSERT INTO Tbl_Vtype_detail	VALUES(null,25,7);



--****************************************************************************
--**					创建视图
--****************************************************************************
--用户视图
DROP VIEW IF EXISTS View_user;
CREATE VIEW View_user AS
SELECT user_id ID,user_name,user_type,role_name,user_remark,user_password FROM (
SELECT * FROM Tbl_user a LEFT JOIN Tbl_user_role b ON a.user_id=b.user_id) a
LEFT JOIN Tbl_role b ON a.role_id=b.role_id;

--菜单视图
DROP VIEW IF EXISTS View_menu;
CREATE VIEW View_menu AS
SELECT a.role_id role_id,a.role_name role_name,menu_name FROM (
SELECT *FROM Tbl_role a LEFT JOIN Tbl_root b ON a.role_id=b.role_id) a 
LEFT JOIN Tbl_menu b ON a.menu_id=b.menu_id;

 --select video_name,type_name from (
 --select * from Tbl_video_info a left join Tbl_Vtype_detail b on a.video_id=b.video_id) a 
 --left join Tbl_video_type b on a.type_id=b.type_id;


--**************************************************
--**		显示视图
--**************************************************
--SELECT * FROM view_user;
--SELECT * FROM view_menu;
